{"avg_prob_deck_D":0.9586754441261292,"avg_prob_deck_A":1.0809982086357195e-05,"_step":3009,"avg_prob_deck_E":5.3352043323684484e-05,"avg_prob_deck_F":0.0009694927139207721,"gradients/policy_net.2.weight":{"values":[1,0,0,0,0,0,0,0,0,0,0,0,0,0,0,0,0,0,0,0,0,0,0,0,0,0,0,0,0,0,0,0,28,2,0,0,0,0,0,0,0,0,0,0,0,0,0,0,0,0,0,0,0,0,0,0,0,0,0,0,0,0,0,1],"bins":[-1.3604975938796997,-1.3188982009887695,-1.2772988080978394,-1.2356994152069092,-1.1940999031066895,-1.1525005102157593,-1.110901117324829,-1.069301724433899,-1.0277023315429688,-0.9861029386520386,-0.9445035457611084,-0.9029040932655334,-0.8613047003746033,-0.8197053074836731,-0.7781058549880981,-0.736506462097168,-0.6949070692062378,-0.6533076763153076,-0.6117082834243774,-0.5701088309288025,-0.5285094380378723,-0.48691004514694214,-0.4453105926513672,-0.403711199760437,-0.36211180686950684,-0.32051241397857666,-0.2789130210876465,-0.2373136281967163,-0.19571411609649658,-0.1541147232055664,-0.11251533031463623,-0.07091593742370605,-0.02931666374206543,0.012282729148864746,0.05388212203979492,0.0954815149307251,0.13708090782165527,0.178680419921875,0.22027981281280518,0.26187920570373535,0.3034785985946655,0.3450779914855957,0.3866773843765259,0.42827683687210083,0.469876229763031,0.5114756226539612,0.5530750751495361,0.5946744680404663,0.6362738609313965,0.6778732538223267,0.7194726467132568,0.7610720992088318,0.802671492099762,0.8442708849906921,0.8858703374862671,0.9274697303771973,0.9690691232681274,1.0106685161590576,1.0522679090499878,1.093867301940918,1.1354668140411377,1.1770662069320679,1.218665599822998,1.2602649927139282,1.3018643856048584],"_type":"histogram"},"_timestamp":1.7629531474391954e+09,"gradients/policy_net.2.bias":{"bins":[-0.3330528140068054,-0.32306015491485596,-0.3130674958229065,-0.3030748665332794,-0.29308220744132996,-0.2830895483493805,-0.2730969190597534,-0.26310425996780396,-0.2531116008758545,-0.24311894178390503,-0.23312629759311676,-0.2231336534023285,-0.21314099431037903,-0.20314833521842957,-0.1931556910276413,-0.18316304683685303,-0.17317038774490356,-0.1631777286529541,-0.15318508446216583,-0.14319244027137756,-0.1331997811794281,-0.12320712208747864,-0.11321447789669037,-0.1032218337059021,-0.09322917461395264,-0.08323651552200317,-0.07324385643005371,-0.06325122714042664,-0.05325856804847717,-0.04326590895652771,-0.033273279666900635,-0.023280620574951172,-0.013287961483001709,-0.003295302391052246,0.006697356700897217,0.016689985990524292,0.026682645082473755,0.03667530417442322,0.04666793346405029,0.056660592555999756,0.06665325164794922,0.07664591073989868,0.08663855493068695,0.09663119912147522,0.10662385821342468,0.11661651730537415,0.12660916149616241,0.13660180568695068,0.14659446477890015,0.1565871238708496,0.16657976806163788,0.17657241225242615,0.1865650713443756,0.19655773043632507,0.20655037462711334,0.2165430188179016,0.22653567790985107,0.23652833700180054,0.2465209811925888,0.2565136253833771,0.26650628447532654,0.276498943567276,0.2864915728569031,0.29648423194885254,0.306476891040802],"_type":"histogram","values":[1,0,0,0,0,0,0,0,0,0,0,0,0,0,0,0,0,0,0,0,0,0,0,0,0,0,0,0,0,0,0,0,0,4,2,0,0,0,0,0,0,0,0,0,0,0,0,0,0,0,0,0,0,0,0,0,0,0,0,0,0,0,0,1]},"average_reward_100_ep":2617.65,"episode":2999,"avg_prob_deck_C":0.039074353873729706,"cumulative_reward":3110,"_wandb":{"runtime":2464},"mean_log_prob_episode":-0.10728111863136292,"gradients/policy_net.0.weight":{"bins":[-0.05874532461166382,-0.05273077264428139,-0.046716220676898956,-0.04070166498422623,-0.034687113016843796,-0.028672561049461365,-0.022658005356788635,-0.016643453389406204,-0.010628901422023773,-0.004614349454641342,0.0014002025127410889,0.007414758205413818,0.013429313898086548,0.01944386214017868,0.02545841783285141,0.03147296607494354,0.03748752176761627,0.043502077460289,0.049516625702381134,0.055531181395053864,0.061545729637145996,0.06756028532981873,0.07357484102249146,0.07958939671516418,0.08560395240783691,0.09161849319934845,0.09763304889202118,0.10364760458469391,0.10966216027736664,0.11567671597003937,0.1216912567615509,0.12770581245422363,0.13372036814689636,0.1397349238395691,0.14574947953224182,0.15176402032375336,0.1577785760164261,0.16379313170909882,0.16980768740177155,0.17582224309444427,0.1818367838859558,0.18785133957862854,0.19386589527130127,0.199880450963974,0.20589500665664673,0.21190956234931946,0.2179241180419922,0.22393865883350372,0.22995321452617645,0.23596777021884918,0.24198231101036072,0.24799686670303345,0.2540114223957062,0.2600259780883789,0.26604053378105164,0.27205508947372437,0.2780696451663971,0.2840842008590698,0.29009872674942017,0.2961133122444153,0.3021278381347656,0.30814239382743835,0.3141569495201111,0.3201715052127838,0.32618606090545654],"_type":"histogram","values":[1,0,0,0,0,0,0,0,0,33,0,0,0,0,0,0,0,0,0,0,0,0,0,0,0,0,0,0,0,0,0,0,0,0,0,0,0,0,0,0,1,0,0,0,0,0,0,0,0,0,0,0,0,0,0,0,0,0,0,0,0,0,0,1]},"avg_prob_deck_H":6.227476114872843e-05,"policy_loss":1.545041561126709,"gradients/policy_net.0.bias":{"bins":[0,0.0027383333072066307,0.005476666614413261,0.008214999921619892,0.010953333228826523,0.013691666536033154,0.016429999843239784,0.01916833221912384,0.021906666457653046,0.02464500069618225,0.027383333072066307,0.030121665447950363,0.03285999968647957,0.035598333925008774,0.03833666443824768,0.041074998676776886,0.04381333291530609,0.0465516671538353,0.0492900013923645,0.05202833190560341,0.054766666144132614,0.05750500038266182,0.060243330895900726,0.06298166513442993,0.06571999937295914,0.06845833361148834,0.07119666785001755,0.07393500208854675,0.07667332887649536,0.07941166311502457,0.08214999735355377,0.08488833159208298,0.08762666583061218,0.09036500006914139,0.0931033343076706,0.0958416685461998,0.098580002784729,0.10131832957267761,0.10405666381120682,0.10679499804973602,0.10953333228826523,0.11227166652679443,0.11501000076532364,0.11774833500385284,0.12048666179180145,0.12322500348091125,0.12596333026885986,0.12870165705680847,0.13143999874591827,0.13417834043502808,0.13691666722297668,0.1396549940109253,0.1423933357000351,0.1451316624879837,0.1478700041770935,0.15060833096504211,0.15334665775299072,0.15608499944210052,0.15882332623004913,0.16156166791915894,0.16429999470710754,0.16703833639621735,0.16977666318416595,0.17251500487327576,0.17525333166122437],"_type":"histogram","values":[3,0,0,0,0,0,0,0,0,0,0,0,0,0,0,0,0,0,0,0,0,0,0,0,0,0,0,0,0,0,0,0,0,0,0,0,0,0,0,0,0,0,0,0,0,0,0,0,0,0,0,0,0,0,0,0,0,0,0,0,0,0,0,1]},"avg_prob_deck_G":0.00014991073112469167,"_runtime":2464,"avg_prob_deck_B":0.001004406833089888}