{"Q_val_deck_D":81.84026336669922,"_timestamp":1.7618506658442276e+09,"episode":58,"_step":58,"gradients/q_net.4.bias":{"values":[1,0,1,0,1,0,0,1,0,0,1,0,0,0,0,0,0,0,0,0,0,0,0,0,0,0,2,0,0,0,0,0,0,0,0,0,0,0,0,0,0,0,0,0,0,0,0,0,0,0,0,0,0,0,0,0,0,0,0,0,0,0,0,1],"bins":[-0.027158617973327637,-0.024687213823199272,-0.022215809673070908,-0.019744405522942543,-0.01727300137281418,-0.014801597222685814,-0.01233019307255745,-0.009858788922429085,-0.00738738477230072,-0.004915980622172356,-0.002444576472043991,2.6827678084373474e-05,0.002498231828212738,0.004969634115695953,0.007441040128469467,0.009912446141242981,0.012383848428726196,0.014855250716209412,0.017326656728982925,0.01979806274175644,0.022269465029239655,0.02474086731672287,0.027212273329496384,0.029683679342269897,0.03215508162975311,0.03462648391723633,0.03709788620471954,0.039569295942783356,0.04204069823026657,0.044512100517749786,0.0469835102558136,0.049454912543296814,0.05192631483078003,0.054397717118263245,0.05686911940574646,0.05934052914381027,0.06181193143129349,0.0642833337187767,0.06675474345684052,0.06922614574432373,0.07169754803180695,0.07416895031929016,0.07664035260677338,0.07911176234483719,0.0815831646323204,0.08405456691980362,0.08652597665786743,0.08899737894535065,0.09146878123283386,0.09394018352031708,0.09641158580780029,0.0988829955458641,0.10135439783334732,0.10382580012083054,0.10629720985889435,0.10876861214637756,0.11124001443386078,0.113711416721344,0.11618281900882721,0.11865422874689102,0.12112563103437424,0.12359703332185745,0.12606844305992126,0.12853984534740448,0.1310112476348877],"_type":"histogram"},"gradients/q_net.4.weight":{"values":[17,21,22,20,27,17,1,12,33,1,169,39,3,2,0,0,0,1,0,2,3,1,1,7,37,26,8,0,0,0,0,0,0,0,0,0,0,0,0,0,0,0,1,0,0,0,1,0,0,1,0,1,0,0,0,3,5,4,5,6,6,5,1,3],"bins":[-0.3409706950187683,-0.3096916079521179,-0.27841249108314514,-0.24713338911533356,-0.21585428714752197,-0.1845751851797104,-0.1532960832118988,-0.12201698124408722,-0.09073787927627563,-0.059458792209625244,-0.028179675340652466,0.0030994415283203125,0.0343785285949707,0.0656576156616211,0.09693673253059387,0.12821584939956665,0.15949493646621704,0.19077402353286743,0.22205311059951782,0.253332257270813,0.2846113443374634,0.31589043140411377,0.34716957807540894,0.3784486651420593,0.4097277522087097,0.4410068392753601,0.4722859263420105,0.5035650730133057,0.534844160079956,0.5661232471466064,0.5974023938179016,0.628681480884552,0.6599606275558472,0.6912397146224976,0.722518801689148,0.7537979483604431,0.7850770354270935,0.8163561224937439,0.8476352691650391,0.8789143562316895,0.9101934432983398,0.9414725303649902,0.9727516174316406,1.004030704498291,1.0353097915649414,1.0665888786315918,1.0978680849075317,1.1291471719741821,1.1604262590408325,1.191705346107483,1.2229844331741333,1.2542636394500732,1.2855427265167236,1.316821813583374,1.3481009006500244,1.3793799877166748,1.4106590747833252,1.4419381618499756,1.473217248916626,1.5044963359832764,1.5357754230499268,1.5670546293258667,1.598333716392517,1.6296128034591675,1.6608918905258179],"_type":"histogram"},"gradients/q_net.0.bias":{"_type":"histogram","values":[1,1,0,0,0,0,0,0,0,0,7,0,0,1,0,0,0,0,0,0,1,1,0,0,2,1,0,0,1,0,1,1,2,0,2,1,1,1,1,2,4,2,1,3,2,2,3,1,3,0,2,3,2,0,2,1,0,0,1,1,1,1,0,1],"bins":[-0.09550011157989502,-0.08662674576044083,-0.07775338739156723,-0.06888002157211304,-0.06000665947794914,-0.05113329738378525,-0.042259931564331055,-0.03338656947016716,-0.024513207376003265,-0.015639841556549072,-0.006766483187675476,0.002106882631778717,0.01098024845123291,0.019853606820106506,0.0287269726395607,0.03760033845901489,0.04647369682788849,0.055347055196762085,0.06422042846679688,0.07309378683567047,0.08196714520454407,0.09084051847457886,0.09971387684345245,0.10858723521232605,0.11746060848236084,0.12633396685123444,0.13520732522010803,0.14408068358898163,0.15295405685901642,0.16182741522789001,0.1707007884979248,0.1795741319656372,0.188447505235672,0.1973208785057068,0.2061942219734192,0.21506759524345398,0.22394095361232758,0.23281432688236237,0.24168768525123596,0.25056105852127075,0.25943440198898315,0.26830777525901794,0.27718114852905273,0.28605449199676514,0.2949278652667999,0.3038012385368347,0.3126745820045471,0.3215479552745819,0.3304213285446167,0.3392946720123291,0.3481680452823639,0.3570414185523987,0.3659147620201111,0.3747881352901459,0.38366150856018066,0.39253485202789307,0.40140822529792786,0.41028156876564026,0.41915494203567505,0.42802831530570984,0.43690165877342224,0.44577503204345703,0.4546484053134918,0.4635217487812042,0.472395122051239]},"_wandb":{"runtime":769},"gradients/q_net.2.weight":{"_type":"histogram","values":[1,0,2,1,2,5,5,9,7,9,7,1,6,14,38,43,83,1722,90,108,96,102,120,130,117,160,118,141,138,145,125,98,91,73,66,46,39,21,29,14,16,16,13,5,5,2,2,2,3,3,2,0,0,1,2,0,1,0,0,0,0,0,0,1],"bins":[-0.037724800407886505,-0.035537999123334885,-0.033351197838783264,-0.031164392828941345,-0.028977591544389725,-0.026790790259838104,-0.024603987112641335,-0.022417183965444565,-0.020230382680892944,-0.018043581396341324,-0.015856778249144554,-0.013669975101947784,-0.011483173817396164,-0.009296372532844543,-0.007109569385647774,-0.004922766238451004,-0.0027359649538993835,-0.0005491636693477631,0.0016376376152038574,0.0038244426250457764,0.006011243909597397,0.008198045194149017,0.010384850203990936,0.012571651488542557,0.014758452773094177,0.016945254057645798,0.019132055342197418,0.021318860352039337,0.023505661636590958,0.025692462921142578,0.027879267930984497,0.03006606549024582,0.03225286304950714,0.03443966805934906,0.03662646561861038,0.0388132706284523,0.04100007191300392,0.04318687319755554,0.04537367820739746,0.04756047949194908,0.0497472807765007,0.05193408206105232,0.05412088334560394,0.05630768835544586,0.05849448963999748,0.0606812909245491,0.06286809593439102,0.06505489349365234,0.06724169850349426,0.06942850351333618,0.0716153010725975,0.07380210608243942,0.07598890364170074,0.07817570865154266,0.08036251366138458,0.0825493186712265,0.08473611623048782,0.08692292124032974,0.08910971879959106,0.09129652380943298,0.0934833288192749,0.09567012637853622,0.09785693138837814,0.10004372894763947,0.10223053395748138]},"Q_val_deck_B":121.68708038330078,"gradients/q_net.0.weight":{"_type":"histogram","values":[1,0,0,1,3,4,2,12,10,9,18,14,15,8,8,6,18,46,29,102,0,3,2,5,1,8,11,11,26,13,14,28,22,13,13,15,11,10,6,4,4,7,4,4,1,3,3,2,2,2,1,4,3,3,2,0,1,2,0,1,1,2,1,1],"bins":[-0.21988819539546967,-0.20865385234355927,-0.19741949439048767,-0.18618515133857727,-0.17495079338550568,-0.16371645033359528,-0.15248209238052368,-0.14124774932861328,-0.13001340627670288,-0.11877904832363129,-0.10754469782114029,-0.09631034731864929,-0.08507600426673889,-0.0738416463136673,-0.0626073032617569,-0.0513729453086853,-0.0401386022567749,-0.028904259204864502,-0.017669901251792908,-0.006435558199882507,0.004798799753189087,0.016033142805099487,0.02726750075817108,0.03850184381008148,0.04973618686199188,0.06097052991390228,0.07220490276813507,0.08343924582004547,0.09467358887195587,0.10590793192386627,0.11714230477809906,0.12837664783000946,0.13961100578308105,0.15084534883499146,0.16207969188690186,0.17331406474113464,0.18454840779304504,0.19578275084495544,0.20701709389686584,0.21825146675109863,0.22948580980300903,0.24072015285491943,0.25195449590682983,0.26318883895874023,0.27442318201065063,0.2856575548648834,0.2968918979167938,0.3081262707710266,0.319360613822937,0.3305949568748474,0.3418292999267578,0.3530636429786682,0.3642979860305786,0.375532329082489,0.3867667019367218,0.3980010449886322,0.4092353880405426,0.4204697608947754,0.4317041039466858,0.4429384469985962,0.4541727900505066,0.465407133102417,0.4766415059566498,0.4878758490085602,0.4991101920604706]},"epsilon":0.8672211002736215,"cumulative_reward":860,"q_loss":80.89208171844483,"Q_val_deck_F":62.40515899658203,"Q_val_deck_C":71.51923370361328,"Q_val_deck_E":99.64360809326172,"_runtime":769,"Q_val_deck_H":82.4331283569336,"Q_val_deck_A":103.18657684326172,