{"_wandb":{"runtime":1170},"_runtime":1170.6552329,"Q_val_deck_A":15.899292945861816,"Q_val_deck_E":123.91963958740234,"gradients/q_net.0.weight":{"values":[2,0,0,1,0,0,0,0,2,0,1,0,0,0,1,1,0,1,0,2,2,4,2,2,4,3,5,4,3,0,6,6,3,4,5,8,4,7,8,6,4,11,13,15,23,23,28,32,30,57,116,34,22,18,24,11,6,3,2,2,1,2,1,1],"bins":[-0.858839213848114,-0.8419451713562012,-0.8250511288642883,-0.8081570863723755,-0.7912630438804626,-0.7743690013885498,-0.7574750185012817,-0.7405809760093689,-0.723686933517456,-0.7067928910255432,-0.6898988485336304,-0.6730048060417175,-0.6561107635498047,-0.6392167210578918,-0.622322678565979,-0.6054286956787109,-0.5885345935821533,-0.5716406106948853,-0.5547465085983276,-0.5378525257110596,-0.5209584832191467,-0.5040644407272339,-0.48717039823532104,-0.4702763557434082,-0.45338231325149536,-0.4364883005619049,-0.41959425806999207,-0.4027002155780792,-0.3858061730861664,-0.36891213059425354,-0.3520181179046631,-0.33512407541275024,-0.3182300329208374,-0.30133599042892456,-0.2844419479370117,-0.26754796504974365,-0.2506539225578308,-0.23375986516475677,-0.21686582267284393,-0.1999717801809311,-0.18307776749134064,-0.1661837249994278,-0.14928968250751495,-0.1323956400156021,-0.11550159752368927,-0.09860755503177643,-0.08171354234218597,-0.06481949985027313,-0.04792545735836029,-0.03103141486644745,-0.0141373872756958,0.002756655216217041,0.01965068280696869,0.03654472529888153,0.05343876779079437,0.07033279538154602,0.08722683787345886,0.10412087291479111,0.12101490795612335,0.1379089504480362,0.15480297803878784,0.17169702053070068,0.18859106302261353,0.20548509061336517,0.22237913310527802],"_type":"histogram"},"cumulative_reward":935,"Q_val_deck_F":77.2376708984375,"Q_val_deck_C":73.56917572021484,"Q_val_deck_G":172.175537109375,"Q_val_deck_D":100.58189392089844,"average_reward_100_ep":73.65,"Q_val_deck_H":105.3191909790039,"gradients/q_net.2.bias":{"_type":"histogram","values":[1,0,0,0,0,0,0,0,0,0,0,0,0,0,0,0,0,0,0,1,2,0,4,2,4,6,2,2,3,2,2,2,2,1,0,3,2,0,1,0,0,0,0,0,0,0,0,0,0,0,0,0,0,0,0,0,0,0,2,0,0,0,0,20],"bins":[-0.07727397978305817,-0.07605195790529251,-0.07482993602752686,-0.0736079066991806,-0.07238588482141495,-0.07116386294364929,-0.06994183361530304,-0.06871981173753738,-0.06749778985977173,-0.06627576798200607,-0.06505374610424042,-0.06383171677589417,-0.06260969489812851,-0.061387673020362854,-0.0601656474173069,-0.058943621814250946,-0.05772159993648529,-0.056499578058719635,-0.05527755245566368,-0.05405552685260773,-0.05283350497484207,-0.051611483097076416,-0.05038945749402046,-0.04916743189096451,-0.04794541001319885,-0.0467233881354332,-0.04550136253237724,-0.04427933692932129,-0.043057315051555634,-0.04183529317378998,-0.040613267570734024,-0.03939124196767807,-0.038169216364622116,-0.03694719448685646,-0.03572516888380051,-0.03450314328074455,-0.0332811214029789,-0.03205909952521324,-0.030837073922157288,-0.029615052044391632,-0.028393026441335678,-0.027171004563570023,-0.02594897896051407,-0.024726957082748413,-0.02350493147969246,-0.022282909601926804,-0.02106088399887085,-0.019838862121105194,-0.01861683651804924,-0.017394814640283585,-0.01617278903722763,-0.0149507662281394,-0.013728742487728596,-0.012506718747317791,-0.011284695006906986,-0.010062671266496181,-0.008840647526085377,-0.007618623785674572,-0.006396600045263767,-0.0051745763048529625,-0.003952552564442158,-0.002730528824031353,-0.0015085050836205482,-0.0002864813432097435,0.0009355423972010612]},"q_loss":87.26401710510254,"Q_val_deck_B":148.97314453125,"gradients/q_net.4.weight":{"bins":[-0.6434980034828186,-0.628200888633728,-0.6129037141799927,-0.5976065397262573,-0.5823094248771667,-0.5670123100280762,-0.5517151355743408,-0.5364179611206055,-0.5211208462715149,-0.5058237314224243,-0.49052655696868896,-0.475229412317276,-0.45993226766586304,-0.4446351230144501,-0.4293379783630371,-0.41404083371162415,-0.3987436890602112,-0.3834465444087982,-0.36814939975738525,-0.3528522551059723,-0.3375551104545593,-0.32225796580314636,-0.3069608211517334,-0.29166367650032043,-0.27636653184890747,-0.2610693871974945,-0.24577224254608154,-0.23047509789466858,-0.21517795324325562,-0.19988080859184265,-0.1845836639404297,-0.16928651928901672,-0.15398940443992615,-0.13869225978851318,-0.12339511513710022,-0.10809797048568726,-0.09280082583427429,-0.07750368118286133,-0.062206536531448364,-0.0469093918800354,-0.031612247228622437,-0.016315102577209473,-0.0010179579257965088,0.014279186725616455,0.02957633137702942,0.04487347602844238,0.06017062067985535,0.07546776533126831,0.09076490998268127,0.10606205463409424,0.1213591992855072,0.13665634393692017,0.15195348858833313,0.1672506332397461,0.18254777789115906,0.19784492254257202,0.21314206719398499,0.22843921184539795,0.2437363564968109,0.2590335011482239,0.27433064579963684,0.2896277904510498,0.30492493510246277,0.32022207975387573,0.3355192244052887],"_type":"histogram","values":[1,1,3,5,3,6,6,5,3,1,2,5,7,8,9,11,7,5,5,7,7,2,5,6,3,3,3,2,1,1,2,1,1,2,6,14,31,27,15,12,11,9,149,15,11,9,7,6,4,11,5,2,7,4,6,1,5,2,1,1,0,0,1,1]},"_step":204,"episode":201,"gradients/q_net.4.bias":{"_type":"histogram","values":[1,0,0,0,0,0,0,0,0,0,0,0,0,0,1,0,0,0,0,1,0,0,0,0,0,0,0,0,0,0,0,0,0,0,0,0,0,0,0,0,0,0,2,0,0,0,0,0,0,1,0,0,1,0,0,0,0,0,0,0,0,0,0,1],"bins":[-0.0546875,-0.0535888671875,-0.052490234375,-0.0513916015625,-0.05029296875,-0.0491943359375,-0.048095703125,-0.0469970703125,-0.0458984375,-0.0447998046875,-0.043701171875,-0.0426025390625,-0.04150390625,-0.0404052734375,-0.039306640625,-0.0382080078125,-0.037109375,-0.0360107421875,-0.034912109375,-0.0338134765625,-0.03271484375,-0.0316162109375,-0.030517578125,-0.0294189453125,-0.0283203125,-0.0272216796875,-0.026123046875,-0.0250244140625,-0.02392578125,-0.0228271484375,-0.021728515625,-0.0206298828125,-0.01953125,-0.0184326171875,-0.017333984375,-0.0162353515625,-0.01513671875,-0.0140380859375,-0.012939453125,-0.0118408203125,-0.0107421875,-0.0096435546875,-0.008544921875,-0.0074462890625,-0.00634765625,-0.0052490234375,-0.004150390625,-0.0030517578125,-0.001953125,-0.0008544921875,0.000244140625,0.0013427734375,0.00244140625,0.0035400390625,0.004638671875,0.0057373046875,0.0068359375,0.0079345703125,0.009033203125,0.0101318359375,0.01123046875,0.0123291015625,0.013427734375,0.0145263671875,0.015625]},"gradients/q_net.2.weight":{"_type":"histogram","values":[1,0,1,0,0,0,0,0,1,0,0,0,2,1,0,2,1,0,1,2,2,2,3,3,11,16,24,33,51,44,54,79,81,74,88,150,140,144,141,137,186,166,163,133,135,105,85,78,84,63,35,1460,38,17,15,11,6,8,3,3,2,5,2,4],"bins":[-0.12008478492498398,-0.11777497828006744,-0.11546516418457031,-0.11315535753965378,-0.11084554344415665,-0.10853573679924011,-0.10622592270374298,-0.10391611605882645,-0.10160630941390991,-0.09929649531841278,-0.09698668867349625,-0.09467688202857971,-0.09236706793308258,-0.09005726128816605,-0.08774745464324951,-0.08543764054775238,-0.08312782645225525,-0.08081801980733871,-0.07850821316242218,-0.07619839906692505,-0.07388859242200851,-0.07157878577709198,-0.06926897168159485,-0.06695915758609772,-0.06464935094118118,-0.06233954429626465,-0.060029733926057816,-0.05771992355585098,-0.05541011691093445,-0.05310030281543732,-0.05079049617052078,-0.04848068207502365,-0.046170879155397415,-0.04386107251048088,-0.04155125841498375,-0.039241451770067215,-0.036931637674570084,-0.03462183102965355,-0.032312020659446716,-0.030002210289239883,-0.02769240364432335,-0.025382593274116516,-0.023072782903909683,-0.02076297253370285,-0.018453162163496017,-0.016143351793289185,-0.01383354514837265,-0.011523734778165817,-0.009213924407958984,-0.0069041140377521515,-0.004594303667545319,-0.002284495159983635,2.5313347578048706e-05,0.0023351237177848816,0.0046449340879917145,0.006954742595553398,0.009264552965760231,0.011574363335967064,0.013884171843528748,0.01619398221373558,0.018503792583942413,0.020813601091504097,0.02312341146171093,0.025433219969272614,0.027743030339479446]},"_timestamp":1.7619078756118355e+09,"gradients/q_net.0.bias":{"_type":"histogram",