{"gradients/q_net.4.bias":{"bins":[-0.046875,-0.04541015625,-0.0439453125,-0.04248046875,-0.041015625,-0.03955078125,-0.0380859375,-0.03662109375,-0.03515625,-0.03369140625,-0.0322265625,-0.03076171875,-0.029296875,-0.02783203125,-0.0263671875,-0.02490234375,-0.0234375,-0.02197265625,-0.0205078125,-0.01904296875,-0.017578125,-0.01611328125,-0.0146484375,-0.01318359375,-0.01171875,-0.01025390625,-0.0087890625,-0.00732421875,-0.005859375,-0.00439453125,-0.0029296875,-0.00146484375,0,0.00146484375,0.0029296875,0.00439453125,0.005859375,0.00732421875,0.0087890625,0.01025390625,0.01171875,0.01318359375,0.0146484375,0.01611328125,0.017578125,0.01904296875,0.0205078125,0.02197265625,0.0234375,0.02490234375,0.0263671875,0.02783203125,0.029296875,0.03076171875,0.0322265625,0.03369140625,0.03515625,0.03662109375,0.0380859375,0.03955078125,0.041015625,0.04248046875,0.0439453125,0.04541015625,0.046875],"_type":"histogram","values":[1,0,0,0,0,0,0,0,0,0,1,0,0,0,0,0,0,0,0,1,0,0,0,0,0,0,1,0,0,0,0,0,0,0,0,0,0,0,0,0,0,0,0,0,0,0,0,0,0,1,0,0,0,0,1,0,0,0,1,0,0,0,0,1]},"cumulative_reward":2055,"Q_val_deck_B":772.3246459960938,"Q_val_deck_G":783.083251953125,"Q_val_deck_A":764.2791748046875,"gradients/q_net.2.weight":{"_type":"histogram","values":[7,5,8,5,8,6,10,6,10,6,4,10,11,54,117,47,36,1530,32,7,15,24,18,15,15,31,25,34,30,24,52,48,38,57,81,99,98,97,119,125,106,109,122,111,100,86,67,88,60,73,35,45,21,23,27,15,10,6,10,5,5,2,5,1],"bins":[-0.0433364175260067,-0.04090691730380058,-0.038477420806884766,-0.03604792058467865,-0.03361842408776283,-0.031188923865556717,-0.02875942550599575,-0.026329927146434784,-0.023900428786873817,-0.02147093042731285,-0.019041432067751884,-0.016611933708190918,-0.014182433485984802,-0.011752936989068985,-0.00932343676686287,-0.006893940269947052,-0.004464440047740936,-0.0020349398255348206,0.0003945566713809967,0.0028240568935871124,0.00525355339050293,0.007683053612709045,0.010112550109624863,0.012542050331830978,0.014971550554037094,0.01740104705095291,0.01983054354786873,0.022260043770074844,0.02468954399228096,0.027119044214487076,0.029548536986112595,0.03197803720831871,0.03440753370523453,0.03683703392744064,0.03926653414964676,0.04169602692127228,0.044125527143478394,0.04655502736568451,0.048984527587890625,0.05141402408480644,0.05384352058172226,0.056273020803928375,0.05870252102613449,0.06113201752305031,0.06356151401996613,0.06599101424217224,0.06842051446437836,0.07085001468658447,0.07327951490879059,0.0757090151309967,0.07813850790262222,0.08056800812482834,0.08299750089645386,0.08542700111865997,0.08785650134086609,0.0902860015630722,0.09271550178527832,0.09514500200748444,0.09757449477910995,0.10000399500131607,0.10243349522352219,0.1048629954457283,0.10729248821735382,0.10972198843955994,0.11215148866176605]},"_wandb":{"runtime":2002},"epsilon":0.8792953377110659,"gradients/q_net.0.weight":{"_type":"histogram","values":[2,0,0,0,1,0,1,0,0,1,0,0,0,1,4,12,22,13,0,2,1,3,1,4,68,35,79,56,0,0,0,1,14,56,48,50,33,7,19,18,12,3,4,1,0,0,0,1,1,0,0,0,0,0,0,0,0,0,0,0,1,0,0,1],"bins":[-1.6169317960739136,-1.5567518472671509,-1.4965718984603882,-1.4363919496536255,-1.3762121200561523,-1.3160321712493896,-1.255852222442627,-1.1956722736358643,-1.1354923248291016,-1.0753123760223389,-1.0151324272155762,-0.9549525380134583,-0.8947725892066956,-0.8345926403999329,-0.7744127511978149,-0.7142328023910522,-0.6540528535842896,-0.5938729047775269,-0.5336929559707642,-0.47351300716400146,-0.41333305835723877,-0.3531532287597656,-0.29297327995300293,-0.23279333114624023,-0.17261338233947754,-0.11243343353271484,-0.05225348472595215,0.007926464080810547,0.06810629367828369,0.1282862424850464,0.18846619129180908,0.24864614009857178,0.3088259696960449,0.3690059185028076,0.4291858673095703,0.489365816116333,0.5495457649230957,0.6097255945205688,0.6699055433273315,0.7300854921340942,0.7902654409408569,0.8504453897476196,0.9106253385543823,0.970805287361145,1.0309851169586182,1.0911650657653809,1.1513450145721436,1.2115249633789062,1.271704912185669,1.3318848609924316,1.3920648097991943,1.452244758605957,1.5124247074127197,1.5726046562194824,1.6327844858169556,1.6929644346237183,1.753144383430481,1.8133243322372437,1.8735042810440063,1.9336841106414795,1.9938640594482422,2.054044008255005,2.1142239570617676,2.1744039058685303,2.234583854675293]},"Q_val_deck_D":736.0375366210938,"gradients/q_net.0.bias":{"_type":"histogram","values":[1,0,0,0,0,0,0,0,0,0,0,0,0,0,0,0,0,0,0,0,0,0,0,1,0,0,0,0,0,0,0,0,0,0,7,0,1,0,0,1,0,0,1,15,25,10,1,0,0,0,0,0,0,0,0,0,0,0,0,0,0,0,0,1],"bins":[-2.1034035682678223,-2.0426077842712402,-1.981811761856079,-1.921015977859497,-1.8602200746536255,-1.799424171447754,-1.7386283874511719,-1.6778324842453003,-1.6170365810394287,-1.5562406778335571,-1.4954447746276855,-1.4346489906311035,-1.373853087425232,-1.3130571842193604,-1.2522614002227783,-1.1914654970169067,-1.1306695938110352,-1.0698736906051636,-1.009077787399292,-0.94828200340271,-0.8874861001968384,-0.8266901969909668,-0.7658944129943848,-0.7050985097885132,-0.6443026065826416,-0.58350670337677,-0.5227108001708984,-0.4619150161743164,-0.4011191129684448,-0.34032320976257324,-0.2795274257659912,-0.21873152256011963,-0.1579355001449585,-0.09713959693908691,-0.03634369373321533,0.0244520902633667,0.08524799346923828,0.14604389667510986,0.2068396806716919,0.2676355838775635,0.32843148708343506,0.38922739028930664,0.4500232934951782,0.5108190774917603,0.5716149806976318,0.6324108839035034,0.6932066679000854,0.754002571105957,0.8147984743118286,0.8755943775177002,0.936390221118927,0.9971860647201538,1.0579819679260254,1.118777871131897,1.1795737743377686,1.2403695583343506,1.3011654615402222,1.3619613647460938,1.4227571487426758,1.4835530519485474,1.544348955154419,1.6051448583602905,1.665940761566162,1.7267365455627441,1.7875324487686157]},"q_loss":82.42066467285156,"episode":36,"Q_val_deck_E":756.4600830078125,"Q_val_deck_F":722.2457885742188,"_timestamp":1.7618526812231214e+09,"_step":37,"Q_val_deck_C":733.2752075195312,"Q_val_deck_H":742.4418334960938,"_runtime":2002.6994241,"gradients/q_net.2.bias":{"bins":[-0.025473959743976593,-0.024442197754979134,-0.023410435765981674,-0.022378673776984215,-0.021346911787986755,-0.020315149798989296,-0.019283387809991837,-0.018251627683639526,-0.017219863831996918,-0.016188103705644608,-0.015156340785324574,-0.014124578796327114,-0.01309281773865223,-0.01206105574965477,-0.01102929376065731,-0.009997531771659851,-0.008965769782662392,-0.007934007793664932,-0.006902245804667473,-0.005870483815670013,-0.004838721826672554,-0.0038069598376750946,-0.002775197848677635,-0.0017434358596801758,-0.0007116757333278656,0.0003200862556695938,0.0013518482446670532,0.0023836102336645126,0.003415372222661972,0.0044471342116594315,0.005478896200656891,0.0065106600522994995,0.00754242017865181,0.00857418030500412,0.009605944156646729,0.010637706145644188,0.011669468134641647,0.012701230123639107,0.013732992112636566,0.014764754101634026,0.015796516090631485,0.016828276216983795,0.017860038205981255,0.018891800194978714,0.019923562183976173,0.020955324172973633,0.021987086161971092,0.02301884815096855,0.02405061013996601,0.02508237212896347,0.02611413411796093,0.02714589610695839,0.02817765809595585,0.029209420084953308,0.03024118021130562,0.03127294406294823,0.03230470418930054,0.033336468040943146,0.034368228167295456,0.035399992018938065,0.036431752145290375,0.03746351599693298,0.038495276123285294,0.0395270399749279,0.04055880010128021],"_type":"histogram","values":[1,0,0,0,0,0,0,0,0,0,1,0,0,0,0,0,0,0,0,0,0,0,0,0,19,0,0,0,0,0,0,1,0,1,1,0,0,0,0,0,1,1,3,2,1,3,3,2,5,3,1,1,3,3,1,1,1,2,0,0,0,1,1,1]},"gradients/q_net.4.weight":{"_type":"histogram","values":[11,18,10,3,0,0,0,0,0,0,1,0,3,22,18,0,0,1,27,15,1,1,1,1,1,41,2,2,1,0,0,152,0,0,0,0,0,0,0,1,1,1,1,2,2,1,0,0,2,6,28,18,19,14,0,2,12,20,8,0,7,12,15,8],